name,icao,phone,belongs to,description,page
Aberdeen/Dyce,EGPD,01224 725060,Aberdeen International Airport Ltd,Aberdeen International Airport Ltd,https://atcadvisor.com/aberdeen-dyce-atc-egpd
Aberdeen/Dyce,EGPD,01224 723714,NATS Ltd,NATS Ltd,https://atcadvisor.com/aberdeen-dyce-atc-egpd
Alderney,EGJA,01481 822851,ATC,ATC,https://atcadvisor.com/alderney-atc-egja
Andover Airfield,EGWA,no number,,,https://atcadvisor.com/andover-airfield-atc-egwa
Andrewsfield,EGSL,01371 856744,,,https://atcadvisor.com/andrewsfield-atc-egsl
Ascot Racecourse Heliport,EGLT,01344 878529,,,https://atcadvisor.com/ascot-racecourse-heliport-atc-eglt
Audley End Airfield,EGO2,01799 541354,,,https://atcadvisor.com/audley-end-airfield-atc-ego2
Badminton Airfield,EG03,no number,,,https://atcadvisor.com/badminton-airfield-atc-eg03
Bagby Airfield,EGNG,01845 597385,,,https://atcadvisor.com/bagby-airfield-atc-egng
Barkston Heath,EGYE,+44 1400 261201,Base Ops,Base Ops,https://atcadvisor.com/barkston-heath-egye
Barra,EGPR,01871 890212,,,https://atcadvisor.com/barra-atc-egpr
Beccles Airport,EGSM,01502 476400,,,https://atcadvisor.com/beccles-airport-atc-egsm
Bedford,EGBF,01234 332400,,,https://atcadvisor.com/bedford-atc-egbf
Belfast Aldergrove,EGAA,028 9448 4313,Airport Duty Manager,Airport Duty Manager,https://atcadvisor.com/aldergrove-egaa
Belfast Aldergrove,EGAA,077 0320 3167,Mobile,Mobile,https://atcadvisor.com/aldergrove-egaa
Belfast Aldergrove,EGAA,079 2087 7721,"NATS ATC, Mon-Fri 0900-1700 (0800-1600)","NATS ATC, Mon-Fri 0900-1700 (0800-1600)",https://atcadvisor.com/aldergrove-egaa
Belfast/City,EGAC,+44 28 9093 9093,Administration,Administration,https://atcadvisor.com/belfast-city-atc-egac
Bembridge Airport,EGHJ,01983 873051,,,https://atcadvisor.com/bembridge-airport-atc-eghj
Benbecula,EGPL,01870 602051,Administration,Administration,https://atcadvisor.com/benbecula-atc-egpl
Benbecula,EGPL,01870 604804,ATC,ATC,https://atcadvisor.com/benbecula-atc-egpl
Benbecula,EGPL,01870 604818,MET/AD Info,MET/AD Info,https://atcadvisor.com/benbecula-atc-egpl
Benbecula,EGPL,0141 8427455,Loganair Operations - Glasgow,Loganair Operations - Glasgow,https://atcadvisor.com/benbecula-atc-egpl
Benson,EGUB,+44 1491 837711,Base Ops,Base Ops,https://atcadvisor.com/benson-egub
Beverley/Linley Hill Airfield,EGNY,01964 544994,,,https://atcadvisor.com/beverley-linley-hill-airfield-atc-egny
Bicester Airfield,EGDD,01869 327928,,,https://atcadvisor.com/bicester-airfield-atc-egdd
Biggin Hill,EGKB,01959 578500,Admin,Admin,https://atcadvisor.com/biggin-hill-atc-egkb
Biggin Hill,EGKB,01959 578525,ATC/Ops/Fuel,ATC/Ops/Fuel,https://atcadvisor.com/biggin-hill-atc-egkb
Biggin Hill,EGKB,01959 578552,Handling,Handling,https://atcadvisor.com/biggin-hill-atc-egkb
Birmingham,EGBB,0871 222 0072,General Enquiries,General Enquiries,https://atcadvisor.com/birmingham-atc-egbb
Birmingham,EGBB,07890 423014,Airfield Duty Manager,Airfield Duty Manager,https://atcadvisor.com/birmingham-atc-egbb
Birmingham,EGBB,0121 767 1260,ATC ATIS,ATC ATIS,https://atcadvisor.com/birmingham-atc-egbb
Birmingham,EGBB,0121 767 1210,ATC Watch Manager,ATC Watch Manager,https://atcadvisor.com/birmingham-atc-egbb
Blackbushe,EGLK,01252 471300,Ext 2 for ATSU/PPR,Ext 2 for ATSU/PPR,https://atcadvisor.com/blackbushe-atc-eglk
Blackbushe,EGLK,07710 364933,ATS mobile,ATS mobile,https://atcadvisor.com/blackbushe-atc-eglk
Blackpool,EGNH,01253 342734,ATC - option 4,ATC - option 4,https://atcadvisor.com/blackpool-atc-egnh
Blackpool,EGNH,01253 472527,ATC,ATC,https://atcadvisor.com/blackpool-atc-egnh
Blackpool,EGNH,01253 407070,Airport Authorised Handling Agent - Hangar 3,Airport Authorised Handling Agent - Hangar 3,https://atcadvisor.com/blackpool-atc-egnh
Bodmin Aerodrome,EGLA,01208 821419,,,https://atcadvisor.com/bodmin-aerodrome-atc-egla
Bognor Regis,EGKC,no number,,,https://atcadvisor.com/bognor-regis-atc-egkc
Boon Hill Farm Airstrip,EG19,no number,,,https://atcadvisor.com/boon-hill-farm-airstrip-atc-eg19
Boscombe Down,EGDM,+44 1980 664000,Base Ops,Base Ops,https://atcadvisor.com/boscombe-down-egdm
Boscombe Down,EGDM,+44 1980 663 051,,,https://atcadvisor.com/boscombe-down-egdm
Boscombe Down,EGDM,+44 1980 663 052,,,https://atcadvisor.com/boscombe-down-egdm
Bourn Airfield,EGSN,01954 719602,,,https://atcadvisor.com/bourn-airfield-atc-egsn
Bournemouth,EGHH,01202 364170,Airport Duty Manager,Airport Duty Manager,https://atcadvisor.com/bournemouth-atc-eghh
Breighton Aerodrome,EGBR,01757 289065,,,https://atcadvisor.com/breighton-aerodrome-atc-egbr
Brimpton Airfield,EGLP,no number,,,https://atcadvisor.com/brimpton-airfield-atc-eglp
Bristol,EGGD,01275 473712,ATC/TWR,ATC/TWR,https://atcadvisor.com/bristol-atc-eggd
Bristol,EGGD,01275 473713,ATC/TWR,ATC/TWR,https://atcadvisor.com/bristol-atc-eggd
Bristol,EGGD,01275 473714,ATC/TWR,ATC/TWR,https://atcadvisor.com/bristol-atc-eggd
Brize Norton,EGVN,+44 1993 896666,Base Ops,Base Ops,https://atcadvisor.com/brize-norton-egvn
Broadford Airfield,EGEI,01478 612727,,,https://atcadvisor.com/broadford-airfield-atc-egei
Bruntingthorpe Aerodrome,EG74,0116 279 9300,,,https://atcadvisor.com/bruntingthorpe-aerodrome-atc-eg74
Caernarfon,EGCK,01286 830800,,,https://atcadvisor.com/caernarfon-atc-egck
Cambridge,EGSC,01223 373213,ATC,ATC,https://atcadvisor.com/cambridge-atc-egsc
Cambridge,EGSC,01223 373717,GA,GA,https://atcadvisor.com/cambridge-atc-egsc
Cambridge,EGSC,01223 295631,ATIS,ATIS,https://atcadvisor.com/cambridge-atc-egsc
Cambridge,EGSC,01223 373535,Airport Operations,Airport Operations,https://atcadvisor.com/cambridge-atc-egsc
Cambridge,EGSC,01223 373214,Cambridge Jet Centre/FBO,Cambridge Jet Centre/FBO,https://atcadvisor.com/cambridge-atc-egsc
Campbeltown,EGEC,01586 553797,,,https://atcadvisor.com/campbeltown-atc-egec
Campbeltown,EGEC,01586 553338,AFS,AFS,https://atcadvisor.com/campbeltown-atc-egec
Cardiff,EGFF,01446 711111,Cardiff Airport Ltd,Cardiff Airport Ltd,https://atcadvisor.com/cardiff-atc-egff
Cardiff,EGFF,01446 712562,ATC,ATC,https://atcadvisor.com/cardiff-atc-egff
Cardiff Heliport,EGFC,029 2046 5880,,,https://atcadvisor.com/cardiff-heliport-atc-egfc
Carlisle,EGNC,01228 573641,Operations,Operations,https://atcadvisor.com/carlisle-atc-egnc
Chalgrove,EGLJ,01865 892200,,,https://atcadvisor.com/chalgrove-atc-eglj
Challock Airfield,EGKE,01233 740274,,,https://atcadvisor.com/challock-airfield-atc-egke
Cheltenham Heliport,EGBC,01202 835385,Administration,Administration,https://atcadvisor.com/cheltenham-heliport-atc-egbc
Cheltenham Heliport,EGBC,01202 098013,ATC,ATC,https://atcadvisor.com/cheltenham-heliport-atc-egbc
Chichester/Goodwood,EGHR,01243 755061,ATS,ATS,https://atcadvisor.com/chichester-goodwood-atc-eghr
Chichester/Goodwood,EGHR,07966 314630,ATS Mobile,ATS Mobile,https://atcadvisor.com/chichester-goodwood-atc-eghr
Chichester/Goodwood,EGHR,01243 755060,GRRC Admin,GRRC Admin,https://atcadvisor.com/chichester-goodwood-atc-eghr
Chichester/Goodwood,EGHR,01243 755066,Goodwood Flying School,Goodwood Flying School,https://atcadvisor.com/chichester-goodwood-atc-eghr
Chichester/Goodwood,EGHR,01243 755064,Engineering,Engineering,https://atcadvisor.com/chichester-goodwood-atc-eghr
Clacton Airfield,EGSQ,no number,,,https://atcadvisor.com/clacton-airfield-atc-egsq
Coal Aston Airfield,EGCA,no number,,,https://atcadvisor.com/coal-aston-airfield-atc-egca
Colerne Airfield,EGUO,01225 743240,,,https://atcadvisor.com/colerne-airfield-atc-eguo
Coll,EGEL,01631 572910,Admin/PPR,Admin/PPR,https://atcadvisor.com/coll-atc-egel
Colonsay,EGEY,01631 572910,Administration/PPR,Administration/PPR,https://atcadvisor.com/colonsay-atc-egey
Compton Abbas,EGHA,01747 811767,,,https://atcadvisor.com/compton-abbas-atc-egha
Coningsby,EGXC,+44 1526 347716,Base Ops,Base Ops,https://atcadvisor.com/coningsby-egxc
Coningsby,EGXC,01526 347443,ATC,ATC,https://atcadvisor.com/coningsby-egxc
Cosford,EGWC,+44 1902 372000,Base Ops,Base Ops,https://atcadvisor.com/cosford-egwc
Coventry,EGBE,02476 308600,Administration,Administration,https://atcadvisor.com/coventry-atc-egbe
Coventry,EGBE,02476 511738,ATS,ATS,https://atcadvisor.com/coventry-atc-egbe
Coventry,EGBE,02476 308601,Handling,Handling,https://atcadvisor.com/coventry-atc-egbe
Coventry,EGBE,07904 639092,Handling - Mobile,Handling - Mobile,https://atcadvisor.com/coventry-atc-egbe
Cranfield,EGTC,01234 758150,Airport Administration,Airport Administration,https://atcadvisor.com/cranfield-atc-egtc
Cranfield,EGTC,01234 750005,ATC,ATC,https://atcadvisor.com/cranfield-atc-egtc
Cranfield,EGTC,01234 758114,Aircraft Handling,Aircraft Handling,https://atcadvisor.com/cranfield-atc-egtc
Cranfield,EGTC,01234 754562,Airport Operations,Airport Operations,https://atcadvisor.com/cranfield-atc-egtc
Cranfield,EGTC,01234 758151,Airport Accounts,Airport Accounts,https://atcadvisor.com/cranfield-atc-egtc
Cranwell,EGYD,+44 1400 261201,Base Ops,Base Ops,https://atcadvisor.com/cranwell-egyd
Crosland Moor Airfield,EGND,07956 362951,,,https://atcadvisor.com/crosland-moor-airfield-atc-egnd
Crowfield Airfield,EGSO,01449 711017,,,https://atcadvisor.com/crowfield-airfield-atc-egso
Culdrose,EGDR,01326 573589,Ops,Ops,https://atcadvisor.com/culdrose-egdr
Culdrose,EGDR,01326 552415,Air Ops,Air Ops,https://atcadvisor.com/culdrose-egdr
Culter Heliport,EGEA,no number,,,https://atcadvisor.com/culter-heliport-atc-egea
Cumbernauld,EGPG,01236 722100,Aerodrome,Aerodrome,https://atcadvisor.com/cumbernauld-atc-egpg
Cumbernauld,EGPG,01236 722822,ATS,ATS,https://atcadvisor.com/cumbernauld-atc-egpg
Damyns Hall Aerodrome,EGML,07496 539206,,,https://atcadvisor.com/damyns-hall-aerodrome-atc-egml
Deanland Lewes Airfield,EGKL,no number,,,https://atcadvisor.com/deanland-lewes-airfield-atc-egkl
Denham,EGLD,01895 832161,ATC,ATC,https://atcadvisor.com/denham-atc-egld
Denham,EGLD,01895 832060,Administration,Administration,https://atcadvisor.com/denham-atc-egld
Derby,EGBD,01283 733803,,,https://atcadvisor.com/derby-atc-egbd
Dishforth Airfield,EGXD,Check website,,,https://atcadvisor.com/dishforth-airfield-atc-egxd
Doncaster Sheffield,EGCN,01302 625021,Airfield Operations,Airfield Operations,https://atcadvisor.com/doncaster-sheffield-atc-egcn
Doncaster Sheffield,EGCN,01302 625022,Airfield Operations,Airfield Operations,https://atcadvisor.com/doncaster-sheffield-atc-egcn
Doncaster Sheffield,EGCN,01302 625642,ATC,ATC,https://atcadvisor.com/doncaster-sheffield-atc-egcn
Doncaster Sheffield,EGCN,0871 220 2210,Terminal Services,Terminal Services,https://atcadvisor.com/doncaster-sheffield-atc-egcn
Dundee,EGPN,01382 643242,General Enquiries,General Enquiries,https://atcadvisor.com/dundee-atc-egpn
Dundee,EGPN,01382 662220,ATC,ATC,https://atcadvisor.com/dundee-atc-egpn
Dundee,EGPN,01382 662233,Fuel,Fuel,https://atcadvisor.com/dundee-atc-egpn
Dundee,EGPN,01382 662200,Administration and Ground Handling,Administration and Ground Handling,https://atcadvisor.com/dundee-atc-egpn
Dundee,EGPN,01382 662222,ATIS,ATIS,https://atcadvisor.com/dundee-atc-egpn
Dunkeswell,EGTU,01404 891643,Aerodrome,Aerodrome,https://atcadvisor.com/dunkeswell-atc-egtu
Dunkeswell,EGTU,01404 891271,Licensee,Licensee,https://atcadvisor.com/dunkeswell-atc-egtu
Dunsfold Aerodrome,EGTD,01483 200900,,,https://atcadvisor.com/dunsfold-aerodrome-atc-egtd
Duxford,EGSU,01223 833376,ATC,ATC,https://atcadvisor.com/duxford-atc-egsu
Duxford,EGSU,01223 835000 Ext 7236,Switchboard,Switchboard,https://atcadvisor.com/duxford-atc-egsu
Eaglescott Airfield,EGHU,01769 520404,,,https://atcadvisor.com/eaglescott-airfield-atc-eghu
Earls Colne,EGSR,01787 223943,,,https://atcadvisor.com/earls-colne-atc-egsr
East Midlands,EGNX,"01332 850393
0808 1697032",,,https://atcadvisor.com/east-midlands-atc-egnx
East Midlands,EGNX,01332 852993,ATC,ATC,https://atcadvisor.com/east-midlands-atc-egnx
Eday,EGED,01856 873535,,,https://atcadvisor.com/eday-atc-eged
Edinburgh,EGPH,0870 040 0007,EAL,EAL,https://atcadvisor.com/edinburgh-atc-egph
Edinburgh,EGPH,0131 344 3139,Airfield Operations,Airfield Operations,https://atcadvisor.com/edinburgh-atc-egph
Edinburgh,EGPH,0131 348 4823,ATIS,ATIS,https://atcadvisor.com/edinburgh-atc-egph
Edinburgh,EGPH,0131 348 4828,ATC,ATC,https://atcadvisor.com/edinburgh-atc-egph
Edinburgh,EGPH,0131 348 4815,ATC Administration,ATC Administration,https://atcadvisor.com/edinburgh-atc-egph
Elmsett Airfield,EGST,01449 744685,,,https://atcadvisor.com/elmsett-airfield-atc-egst
Elstree,EGTR,020 8953 7480,,,https://atcadvisor.com/elstree-atc-egtr
Enniskillen/St Angelo,EGAB,028 6632 9000,,,https://atcadvisor.com/enniskillen-st-angelo-atc-egab
Enstone Airfield,EGTN,01608 677208,,,https://atcadvisor.com/enstone-airfield-atc-egtn
Exeter,EGTE,01392 367433,Airfield Ops,Airfield Ops,https://atcadvisor.com/exeter-atc-egte
Exeter,EGTE,01392 354915,Flight Briefing,Flight Briefing,https://atcadvisor.com/exeter-atc-egte
Exeter,EGTE,01392 354995,XLR Executive Jet Centres,XLR Executive Jet Centres,https://atcadvisor.com/exeter-atc-egte
Exeter,EGTE,01392 354957,Ground Handling,Ground Handling,https://atcadvisor.com/exeter-atc-egte
Exeter,EGTE,01392 354917,Training Slots,Training Slots,https://atcadvisor.com/exeter-atc-egte
Fair Isle,EGEF,01595 760224,,,https://atcadvisor.com/fair-isle-atc-egef
Fairford,EGVA,01285 712000,Mil,Mil,https://atcadvisor.com/fairford-egva
Fairford,EGVA,01285 712000,Civ,Civ,https://atcadvisor.com/fairford-egva
Fairoaks,EGTF,01276 857700,Administration,Administration,https://atcadvisor.com/fairoaks-atc-egtf
Fairoaks,EGTF,01276 857300,A/G Station,A/G Station,https://atcadvisor.com/fairoaks-atc-egtf
Farnborough,EGLF,01252 526017,ATC - Visual,ATC - Visual,https://atcadvisor.com/farnborough-atc-eglf
Farnborough,EGLF,01252 526015,ATC - Radar,ATC - Radar,https://atcadvisor.com/farnborough-atc-eglf
Farnborough,EGLF,01252 379002,Farnborough Airport Ops,Farnborough Airport Ops,https://atcadvisor.com/farnborough-atc-eglf
Farthing Corner Airfield,EGMF,01634 264011,,,https://atcadvisor.com/farthing-corner-airfield-atc-egmf
Fenland,EGCL,01406 540330,Club House and ATC - Weekends only,Club House and ATC - Weekends only,https://atcadvisor.com/fenland-atc-egcl
Fenland,EGCL,01406 540461,Flying School,Flying School,https://atcadvisor.com/fenland-atc-egcl
Feshiebridge Glider Field,EGZL,no number,,,https://atcadvisor.com/feshiebridge-glider-field-atc-egzl
Fife Airport,EGPJ,01592 610436,,,https://atcadvisor.com/fife-airport-atc-egpj
Fleetlands,EGVF,02392 545515,Base Ops,Base Ops,https://atcadvisor.com/fleetlands-egvf
Fowlmere Airfield,EGMA,01763 208281,,,https://atcadvisor.com/fowlmere-airfield-atc-egma
Full Sutton Airfield,EGNU,01759 372717,,,https://atcadvisor.com/full-sutton-airfield-atc-egnu
Glasgow,EGPF,0344 481 5555,Glasgow Airport Ltd,Glasgow Airport Ltd,https://atcadvisor.com/glasgow-atc-egpf
Glasgow,EGPF,0141 840 8029,ATC,ATC,https://atcadvisor.com/glasgow-atc-egpf
Glasgow,EGPF,0141 840 8000,NATS Ltd,NATS Ltd,https://atcadvisor.com/glasgow-atc-egpf
Glasgow,EGPF,0141 848 4141,Airfield Operations,Airfield Operations,https://atcadvisor.com/glasgow-atc-egpf
Glasgow City Heliport,EGEG,no number,,,https://atcadvisor.com/glasgow-city-heliport-atc-egeg
Gloucestershire,EGBJ,01452 857700 Ext 223,Ops/ATC,Ops/ATC,https://atcadvisor.com/gloucestershire-atc-egbj
Goodwood Racecourse Heliport,EGKG,01243 755066,,,https://atcadvisor.com/goodwood-racecourse-heliport-atc-egkg
Great Yarmouth - North Denes Heliport,EGSD,01493 272272,,,https://atcadvisor.com/great-yarmouth-north-denes-heliport-atc-egsd
Guernsey,EGJB,01481 227766,General,General,https://atcadvisor.com/guernsey-atc-egjb
Halton,EGWN,01296 623535,Mil,Mil,https://atcadvisor.com/halton-egwn
Halton,EGWN,01296 623535,Civ,Civ,https://atcadvisor.com/halton-egwn
Haverfordwest,EGFE,01437 765283 PPR,Aerodrome,Aerodrome,https://atcadvisor.com/haverfordwest-atc-egfe
Hawarden,EGNR,01244 522012,ATC,ATC,https://atcadvisor.com/hawarden-atc-egnr
Henstridge Airfield,EGHS,01963 364231,,,https://atcadvisor.com/henstridge-airfield-atc-eghs
Hereford,EGVH,01432 376222,Base Ops,Base Ops,https://atcadvisor.com/hereford-egvh
Hethel Airport,EGSK,Check website,,,https://atcadvisor.com/hethel-airport-atc-egsk
Holyhead Heliport,EGCH,no number,,,https://atcadvisor.com/holyhead-heliport-atc-egch
Honington,EGXH,95991 6069,Mil,Mil,https://atcadvisor.com/honington-egxh
Honington,EGXH,01359 236069,Civ,Civ,https://atcadvisor.com/honington-egxh
Honington,EGXH,95991 7329,Airfield Warden,Airfield Warden,https://atcadvisor.com/honington-egxh
Hullavington Airfield,EGDV,no number,,,https://atcadvisor.com/hullavington-airfield-atc-egdv
Humberside,EGNJ,01652 688456,Administration,Administration,https://atcadvisor.com/humberside-atc-egnj
Humberside,EGNJ,01652 682022,ATC,ATC,https://atcadvisor.com/humberside-atc-egnj
Humberside,EGNJ,01652 682020,ATIS,ATIS,https://atcadvisor.com/humberside-atc-egnj
Humberside,EGNJ,07718 524072,Terminal Supervisor during operating hours,Terminal Supervisor during operating hours,https://atcadvisor.com/humberside-atc-egnj
Inverness,EGPE,01667 464000,Administration,Administration,https://atcadvisor.com/inverness-atc-egpe
Inverness,EGPE,01667 464276,ATC,ATC,https://atcadvisor.com/inverness-atc-egpe
Inverness,EGPE,01667 464255,MET,MET,https://atcadvisor.com/inverness-atc-egpe
Islay,EGPI,01496 302361,,,https://atcadvisor.com/islay-atc-egpi
Isle Of Man,EGNS,01624 821600,Airport Administration,Airport Administration,https://atcadvisor.com/isle-of-man-atc-egns
Isle Of Man,EGNS,01624 827546,ATC,ATC,https://atcadvisor.com/isle-of-man-atc-egns
Isle Of Man,EGNS,01624 821641,MET Office,MET Office,https://atcadvisor.com/isle-of-man-atc-egns
Isle Of Man,EGNS,01624 648110,Customs and Immigration,Customs and Immigration,https://atcadvisor.com/isle-of-man-atc-egns
Isle of Wight/Sandown Airport,EGHN,01983 716926,,,https://atcadvisor.com/isle-of-wight-sandown-airport-atc-eghn
Jersey,EGJJ,01534 446008,Administration,Administration,https://atcadvisor.com/jersey-atc-egjj
Jersey,EGJJ,01534 446086,ATC,ATC,https://atcadvisor.com/jersey-atc-egjj
Jersey,EGJJ,01534 446301,ATIS,ATIS,https://atcadvisor.com/jersey-atc-egjj
Jersey,EGJJ,01534 446080,Flight Planning,Flight Planning,https://atcadvisor.com/jersey-atc-egjj
Kemble,EGBP,01285 771177,Kemble Ops,Kemble Ops,https://atcadvisor.com/kemble-atc-egbp
Kenley,EGKN,01400 264520,,,https://atcadvisor.com/kenley-egkn
Kirknewton,EGKT,01400 264520,,,https://atcadvisor.com/kirknewton-egkt
Kirkwall,EGPA,01856 872421,Aerodrome,Aerodrome,https://atcadvisor.com/kirkwall-atc-egpa
Kirkwall,EGPA,01856 886206,ATC,ATC,https://atcadvisor.com/kirkwall-atc-egpa
Kirkwall,EGPA,01856 302845,Fuel,Fuel,https://atcadvisor.com/kirkwall-atc-egpa
Kirkwall,EGPA,01856 878476,ATIS - H24,ATIS - H24,https://atcadvisor.com/kirkwall-atc-egpa
Lakenheath,EGUL,01638 522000,Mil,Mil,https://atcadvisor.com/lakenheath-egul
Lakenheath,EGUL,01638 522000,Civ,Civ,https://atcadvisor.com/lakenheath-egul
Lakenheath,EGUL,01638 522930,RAPCON,RAPCON,https://atcadvisor.com/lakenheath-egul
Land's End,EGHC,01736 788771,Operator,Operator,https://atcadvisor.com/lands-end-atc-eghc
Land's End,EGHC,01736 788944,ATC,ATC,https://atcadvisor.com/lands-end-atc-eghc
Lasham Airfield,EGHL,01256 384900,,,https://atcadvisor.com/lasham-airfield-atc-eghl
Lashenden/Headcorn,EGKH,01622 890226,,,https://atcadvisor.com/lashenden-headcorn-atc-egkh
Lashenden/Headcorn,EGKH,01622 890236,Outside normal Aerodrome hours,Outside normal Aerodrome hours,https://atcadvisor.com/lashenden-headcorn-atc-egkh
Lee-on-solent,EGHF,01329 551060,,,https://atcadvisor.com/lee-on-solent-atc-eghf
Lee-on-solent,EGHF,01329 824751,Finance,Finance,https://atcadvisor.com/lee-on-solent-atc-eghf
Leeds Bradford,EGNM,0113 391 3285,Administration,Administration,https://atcadvisor.com/leeds-bradford-atc-egnm
Leeds Bradford,EGNM,0113 391 3282,ATC,ATC,https://atcadvisor.com/leeds-bradford-atc-egnm
Leeds Bradford,EGNM,0113 391 3231,Airside Operations Unit,Airside Operations Unit,https://atcadvisor.com/leeds-bradford-atc-egnm
Leeds East,EGCM,01937 534197,Ops/Fuel,Ops/Fuel,https://atcadvisor.com/leeds-east-atc-egcm
Leeds East,EGCM,07541 226316,Ops - Mobile,Ops - Mobile,https://atcadvisor.com/leeds-east-atc-egcm
Leeds East Airport,EGXG,01937 534194,,,https://atcadvisor.com/leeds-east-airport-atc-egxg
Leeds Heliport,EGNP,0113 250 0588,,,https://atcadvisor.com/leeds-heliport-atc-egnp
Leeming,EGXE,01677 457210 x7749,Ops,Ops,https://atcadvisor.com/leeming-egxe
Leeming,EGXE,01677 458139,,,https://atcadvisor.com/leeming-egxe
Leicester,EGBG,0116 2592360,,,https://atcadvisor.com/leicester-atc-egbg
Lerwick/Tingwall,EGET,01595 840306,Visual Control Room,Visual Control Room,https://atcadvisor.com/lerwick-tingwall-atc-eget
Lerwick/Tingwall,EGET,01595 744481,Duty FISO,Duty FISO,https://atcadvisor.com/lerwick-tingwall-atc-eget
Lerwick/Tingwall,EGET,01806 244264,Accountable Manager,Accountable Manager,https://atcadvisor.com/lerwick-tingwall-atc-eget
Leuchars,EGQL,01334 837000,Mil,Mil,https://atcadvisor.com/leuchars-egql
Leuchars,EGQL,01334 837000,Civ,Civ,https://atcadvisor.com/leuchars-egql
Little Gransden Airfield,EGMJ,07785 538317,,,https://atcadvisor.com/little-gransden-airfield-atc-egmj
Little Rissington,EGVL,01400 264520,,,https://atcadvisor.com/little-rissington-egvl
Liverpool,EGGP,0151 907 1541,1542,1542,https://atcadvisor.com/liverpool-atc-eggp
Liverpool,EGGP,0151 907 1551,Airport Operations Centre/PPR,Airport Operations Centre/PPR,https://atcadvisor.com/liverpool-atc-eggp
Llanbedr Airport,EGFR,01341 429252,,,https://atcadvisor.com/llanbedr-airport-atc-egfr
London City,EGLC,01489 571177,ATC,ATC,https://atcadvisor.com/london-city-atc-eglc
London City,EGLC,020 7646 0000,Administration,Administration,https://atcadvisor.com/london-city-atc-eglc
London Gatwick,EGKK,0344 892 0322,Gatwick Airport Ltd,Gatwick Airport Ltd,https://atcadvisor.com/london-gatwick-atc-egkk
London Gatwick,EGKK,01293 601031,ATC,ATC,https://atcadvisor.com/london-gatwick-atc-egkk
London Heathrow,EGLL,08700 000123,HAL,HAL,https://atcadvisor.com/london-heathrow-atc-egll
London Heathrow,EGLL,020 8750 2636,NATS Ltd,NATS Ltd,https://atcadvisor.com/london-heathrow-atc-egll
London Heliport,EGLW,020 7228 0181,The London Heliport Ltd,The London Heliport Ltd,https://atcadvisor.com/london-heliport-atc-eglw
London Luton,EGGW,01582 395229,NATS Ltd,NATS Ltd,https://atcadvisor.com/london-luton-atc-eggw
London Luton,EGGW,01582 395029,NATS Ltd - ATC Watch Manager,NATS Ltd - ATC Watch Manager,https://atcadvisor.com/london-luton-atc-eggw
London Luton,EGGW,01582 395451,Airport Manager,Airport Manager,https://atcadvisor.com/london-luton-atc-eggw
London Luton,EGGW,01582 395525,Operations,Operations,https://atcadvisor.com/london-luton-atc-eggw
London Luton,EGGW,01582 405100,Switchboard,Switchboard,https://atcadvisor.com/london-luton-atc-eggw
London Stansted,EGSS,0808 169 7031,STAL,STAL,https://atcadvisor.com/london-stansted-atc-egss
London Stansted,EGSS,01279 669328,NATS Ltd,NATS Ltd,https://atcadvisor.com/london-stansted-atc-egss
London Stansted,EGSS,01279 669325,ATIS,ATIS,https://atcadvisor.com/london-stansted-atc-egss
Londonderry/Eglinton,EGAE,028 7181 0784 Ext 201,Airport Switchboard,Airport Switchboard,https://atcadvisor.com/londonderry-eglinton-atc-egae
Londonderry/Eglinton,EGAE,028 7181 3300,Administration,Administration,https://atcadvisor.com/londonderry-eglinton-atc-egae
Londonderry/Eglinton,EGAE,028 7181 3322,Security,Security,https://atcadvisor.com/londonderry-eglinton-atc-egae
Londonderry/Eglinton,EGAE,028 7181 3336,Ground Handling,Ground Handling,https://atcadvisor.com/londonderry-eglinton-atc-egae
Londonderry/Eglinton,EGAE,028 7181 3314,ATC,ATC,https://atcadvisor.com/londonderry-eglinton-atc-egae
Londonderry/Eglinton,EGAE,028 7181 3338,Fuel,Fuel,https://atcadvisor.com/londonderry-eglinton-atc-egae
Long Marston Airfield,EGBL,no number,,,https://atcadvisor.com/long-marston-airfield-atc-egbl
Lossiemouth,EGQS,01343 812191,Base Ops,Base Ops,https://atcadvisor.com/lossiemouth-egqs
Lundy Island Airfield,EGZV,no number,,,https://atcadvisor.com/lundy-island-airfield-atc-egzv
Lydd,EGMD,01797 322400,Airport Switchboard,Airport Switchboard,https://atcadvisor.com/lydd-atc-egmd
Lydd,EGMD,01797 320881,ATC,ATC,https://atcadvisor.com/lydd-atc-egmd
Lydd,EGMD,01797 322422,MET,MET,https://atcadvisor.com/lydd-atc-egmd
Lydd,EGMD,528 2528,ATOTN,ATOTN,https://atcadvisor.com/lydd-atc-egmd
Manchester,EGCC,0161 209 2835,ATC,ATC,https://atcadvisor.com/manchester-atc-egcc
Manchester,EGCC,0161 489 3331,Airfield Operations Duty Manager,Airfield Operations Duty Manager,https://atcadvisor.com/manchester-atc-egcc
Manchester,EGCC,0808 169 7030,Manchester Airport PLC - General Enquiries,Manchester Airport PLC - General Enquiries,https://atcadvisor.com/manchester-atc-egcc
Manchester,EGCC,0161 493 1850,Airport Co-ordination Ltd - PPR  Mon-Fri; 0900-1700,Airport Co-ordination Ltd - PPR  Mon-Fri; 0900-1700,https://atcadvisor.com/manchester-atc-egcc
Manchester Barton,EGCB,0161 789 1362,Administration and Operations,Administration and Operations,https://atcadvisor.com/manchester-barton-atc-egcb
Marham,EGYM,01760 337261 extn. 4949,Operations Centre,Operations Centre,https://atcadvisor.com/marham-egym
Marshland Airfield,EGSI,no number,,,https://atcadvisor.com/marshland-airfield-atc-egsi
Maypole Airfield,EGHB,no number,,,https://atcadvisor.com/maypole-airfield-atc-eghb
Merryfield,EGDI,01460 72301,Base Ops,Base Ops,https://atcadvisor.com/merryfield-egdi
Middle Wallop,EGVP,01264 781584,Base Ops,Base Ops,https://atcadvisor.com/middle-wallop-egvp
Middle Wallop,EGVP,01264 784145,Ops,Ops,https://atcadvisor.com/middle-wallop-egvp
Mildenhall,EGUN,01638 547777/544130,Base Ops,Base Ops,https://atcadvisor.com/mildenhall-egun
Mona,EGOQ,01407 762551,Base Ops,Base Ops,https://atcadvisor.com/mona-egoq
Mount Pleasant,EGYP,500 42022,Base Ops,Base Ops,https://atcadvisor.com/mount-pleasant-egyp
Nesscliffe Camp Helipad,EGEZ,no number,,,https://atcadvisor.com/nesscliffe-camp-helipad-atc-egez
Netheravon,EGDN,01980 674321,Base Ops,Base Ops,https://atcadvisor.com/netheravon-egdn
Netherthorpe,EGNF,01909 475233,,,https://atcadvisor.com/netherthorpe-atc-egnf
Newcastle,EGNT,0191 214 3255,Airport Authority,Airport Authority,https://atcadvisor.com/newcastle-atc-egnt
Newcastle,EGNT,0871 882 1121,Airport Authority,Airport Authority,https://atcadvisor.com/newcastle-atc-egnt
Newcastle,EGNT,0191 214 8130,ATC,ATC,https://atcadvisor.com/newcastle-atc-egnt
Newmarket Heath Airfield,EGSW,no number,,,https://atcadvisor.com/newmarket-heath-airfield-atc-egsw
Newquay,EGHQ,01637 861301,ATC,ATC,https://atcadvisor.com/newquay-atc-eghq
Newquay,EGHQ,01637 860551,Executive and GA Full Handling PPR,Executive and GA Full Handling PPR,https://atcadvisor.com/newquay-atc-eghq
Newquay,EGHQ,01637 861744,General Aviation PPR,General Aviation PPR,https://atcadvisor.com/newquay-atc-eghq
Newtownards,EGAD,028 9181 3327,,,https://atcadvisor.com/newtownards-atc-egad
North Coates,EGYO,no number,,,https://atcadvisor.com/north-coates-atc-egyo
North Ronaldsay,EGEN,01856 873535,,,https://atcadvisor.com/north-ronaldsay-atc-egen
North Weald Airfield,EGSX,01992 564200,,,https://atcadvisor.com/north-weald-airfield-atc-egsx
Northampton/Sywell,EGBK,01604 801620,Administration,Administration,https://atcadvisor.com/northampton-sywell-atc-egbk
Northampton/Sywell,EGBK,01604 801630,A/G,A/G,https://atcadvisor.com/northampton-sywell-atc-egbk
Northolt,EGWU,020 8833 8123,Base Ops,Base Ops,https://atcadvisor.com/northolt-egwu
Northolt,EGWU,020 8833 8228,ATC,ATC,https://atcadvisor.com/northolt-egwu
Northolt,EGWU,0208 8452300,,,https://atcadvisor.com/northolt-egwu
Norwich,EGSH,01603 411923,Administration,Administration,https://atcadvisor.com/norwich-atc-egsh
Norwich,EGSH,01603 420658,Operations,Operations,https://atcadvisor.com/norwich-atc-egsh
Norwich,EGSH,07921 055373,Terminal Services Manager,Terminal Services Manager,https://atcadvisor.com/norwich-atc-egsh
Norwich,EGSH,01603 420675,Customer Services,Customer Services,https://atcadvisor.com/norwich-atc-egsh
Norwich,EGSH,01603 420641,ATC,ATC,https://atcadvisor.com/norwich-atc-egsh
Norwich,EGSH,01603 420641,ATC,ATC,https://atcadvisor.com/norwich-atc-egsh
Nottingham,EGBN,0115 9815050,,,https://atcadvisor.com/nottingham-atc-egbn
Oaksey Park Airfield,EGTW,01666 577130,,,https://atcadvisor.com/oaksey-park-airfield-atc-egtw
Oban,EGEO,01631 572910,General Enquiries/PPR,General Enquiries/PPR,https://atcadvisor.com/oban-atc-egeo
Odiham,EGVO,01256 702151,Base Ops,Base Ops,https://atcadvisor.com/odiham-egvo
Old Buckenham,EGSV,01953 860806,,,https://atcadvisor.com/old-buckenham-atc-egsv
Old Warden,EGTH,01767 627933,,,https://atcadvisor.com/old-warden-atc-egth
Old Warden,EGTH,01767 627918,Tower when manned,Tower when manned,https://atcadvisor.com/old-warden-atc-egth
Oxford,EGTK,01865 290650,ATC,ATC,https://atcadvisor.com/oxford-atc-egtk
Oxford,EGTK,01865 290660,Operations,Operations,https://atcadvisor.com/oxford-atc-egtk
Oxford,EGTK,01865 290600,Switchboard,Switchboard,https://atcadvisor.com/oxford-atc-egtk
Papa Westray,EGEP,01856 873535,,,https://atcadvisor.com/papa-westray-atc-egep
Pembrey,EGFP,01554 891534,,,https://atcadvisor.com/pembrey-atc-egfp
Penzance Heliport,EGHK,01736 780828,Heliport,Heliport,https://atcadvisor.com/penzance-heliport-atc-eghk
Perranporth Airfield,EGTP,01872 552856,,,https://atcadvisor.com/perranporth-airfield-atc-egtp
Perth/Scone,EGPT,01738 551631,Radio Room,Radio Room,https://atcadvisor.com/perth-scone-atc-egpt
Perth/Scone,EGPT,01738 550003,Admin,Admin,https://atcadvisor.com/perth-scone-atc-egpt
Peterborough/Conington,EGSF,01487 834161,,,https://atcadvisor.com/peterborough-conington-atc-egsf
Peterborough/Sibson Airport,EGSP,01832 280634,,,https://atcadvisor.com/peterborough-sibson-airport-atc-egsp
Peterhead Heliport,EGPS,no number,,,https://atcadvisor.com/peterhead-heliport-atc-egps
Popham Airfield,EGHP,01256 397733,,,https://atcadvisor.com/popham-airfield-atc-eghp
Portland Heliport,EGDP,01305 701702,Admin,Admin,https://atcadvisor.com/rnas-portland-heliport-atc-egdp
Portland Heliport,EGDP,07942 350235,Admin,Admin,https://atcadvisor.com/rnas-portland-heliport-atc-egdp
Portland Heliport,EGDP,01305 700001,Air Ground / PPR,Air Ground / PPR,https://atcadvisor.com/rnas-portland-heliport-atc-egdp
Predannack,EGDO,01326 221221,Base Ops,Base Ops,https://atcadvisor.com/predannack-egdo
Prestwick,EGPK,01292 511107,ATC Operations,ATC Operations,https://atcadvisor.com/gannet-egpk
Prestwick,EGPK,01292 511108,,,https://atcadvisor.com/gannet-egpk
RAF Abingdon,EGUD,Check website,,,https://atcadvisor.com/raf-abingdon-atc-egud
RAF Boulmer,EGQM,01665 604760,,,https://atcadvisor.com/raf-boulmer-atc-egqm
RAF Henlow (flying ended Jul-2020),EGWE,01462 851515,,,https://atcadvisor.com/raf-henlow-flying-ends-jul-2020-atc-egwe
RAF Kinloss (see Lossiemouth),EGQK,01343 812121,,,https://atcadvisor.com/raf-kinloss-see-lossiemouth-atc-egqk
RAF Linton-on-Ouse,EGXU,01347 848261,,,https://atcadvisor.com/raf-linton-on-ouse-atc-egxu
RAF Saint Athan,EGDX,01446 798717,,,https://atcadvisor.com/raf-saint-athan-atc-egdx
RAF Scampton,EGXP,01522 730376,,,https://atcadvisor.com/raf-scampton-atc-egxp
RAF Sculthorpe,EGUP,no number,,,https://atcadvisor.com/raf-sculthorpe-atc-egup
RAF Spadeadam,EGOM,016977 47321,,,https://atcadvisor.com/raf-spadeadam-atc-egom
RAF Wyton,EGUY,no number,,,https://atcadvisor.com/raf-wyton-atc-eguy
Redhill,EGKR,01737 823377,Administration,Administration,https://atcadvisor.com/redhill-atc-egkr
Redhill,EGKR,01737 821802,ATC,ATC,https://atcadvisor.com/redhill-atc-egkr
Redhill,EGKR,01737 821805,Fuel,Fuel,https://atcadvisor.com/redhill-atc-egkr
Redhill,EGKR,01737 822947,ATIS available H24,ATIS available H24,https://atcadvisor.com/redhill-atc-egkr
Retford/Gamston,EGNE,01777 838521,,,https://atcadvisor.com/retford-gamston-atc-egne
Rochester,EGTO,01634 869969,ATC/Manager/Admin,ATC/Manager/Admin,https://atcadvisor.com/rochester-atc-egto
Royal Marines Base Chivenor,EGDC,Check website,,,https://atcadvisor.com/royal-marines-base-chivenor-atc-egdc
Sanday,EGES,01856 873535,,,https://atcadvisor.com/sanday-atc-eges
Sandtoft,EGCF,01427 872034,,,https://atcadvisor.com/sandtoft-atc-egcf
Scatsta,EGPM,01806 244300,Administration,Administration,https://atcadvisor.com/scatsta-atc-egpm
Scatsta,EGPM,01806 244370,ATC,ATC,https://atcadvisor.com/scatsta-atc-egpm
Scatsta,EGPM,01806 244386,Assistant,Assistant,https://atcadvisor.com/scatsta-atc-egpm
Scilly Isles/St Mary's,EGHE,01720 424335,,,https://atcadvisor.com/scilly-isles-st-marys-atc-eghe
Seething Airfield,EGSJ,01508 550453,,,https://atcadvisor.com/seething-airfield-atc-egsj
Shawbury,EGOS,01939 250551,Base Ops,Base Ops,https://atcadvisor.com/shawbury-egos
Sherburn-in-elmet,EGCJ,01977 682674,,,https://atcadvisor.com/sherburn-in-elmet-atc-egcj
Shipdham Airfield,EGSA,01953 882187,,,https://atcadvisor.com/shipdham-airfield-atc-egsa
Shobdon,EGBS,01568 708369,,,https://atcadvisor.com/shobdon-atc-egbs
Shoreham,EGKA,01273 467377,ATS,ATS,https://atcadvisor.com/shoreham-atc-egka
Silverstone Heliport,EGBV,01869 278244,,,https://atcadvisor.com/silverstone-heliport-atc-egbv
Skegness (Ingoldmells) Aerodrome,EGNI,no number,,,https://atcadvisor.com/skegness-ingoldmells-aerodrome-atc-egni
Sleap,EGCV,01939 232882,Airfield Operations Office,Airfield Operations Office,https://atcadvisor.com/sleap-atc-egcv
Southampton,EGHI,023 80627102,Airport Control Centre,Airport Control Centre,https://atcadvisor.com/southampton-atc-eghi
Southend,EGMC,01702 538500,Switchboard,Switchboard,https://atcadvisor.com/southend-atc-egmc
Southend,EGMC,01702 538420,ATC,ATC,https://atcadvisor.com/southend-atc-egmc
Southend,EGMC,01702 538401,AFS,AFS,https://atcadvisor.com/southend-atc-egmc
Southend,EGMC,01702 538600,London Southend Jet Centre,London Southend Jet Centre,https://atcadvisor.com/southend-atc-egmc
Southend,EGMC,01702 538578,Operations/Commercial aviation handling,Operations/Commercial aviation handling,https://atcadvisor.com/southend-atc-egmc
St Athan,EGSY,01446 243901 Aerodrome Manager,,,https://atcadvisor.com/st-athan-atc-egsy
St Athan,EGSY,01446 243940 ATC,,,https://atcadvisor.com/st-athan-atc-egsy
St Athan,EGSY,01446 243943 ATIS,,,https://atcadvisor.com/st-athan-atc-egsy
Stapleford,EGSG,01708 688380,,,https://atcadvisor.com/stapleford-atc-egsg
Stornoway,EGPO,01851 702256,Airport Switchboard,Airport Switchboard,https://atcadvisor.com/stornoway-atc-egpo
Stornoway,EGPO,01851 707444,ATIS,ATIS,https://atcadvisor.com/stornoway-atc-egpo
Stornoway,EGPO,01851 703026,Fuel - North Air,Fuel - North Air,https://atcadvisor.com/stornoway-atc-egpo
Stornoway,EGPO,01851 707406,Admin,Admin,https://atcadvisor.com/stornoway-atc-egpo
Stronsay,EGER,01856 873535,,,https://atcadvisor.com/stronsay-atc-eger
Strubby Airfield,EGCG,07836 596921,,,https://atcadvisor.com/strubby-airfield-atc-egcg
Strubby Airfield,EGCG,07708 154890,,,https://atcadvisor.com/strubby-airfield-atc-egcg
Sturgate Airfield,EGCS,01427 838305,,,https://atcadvisor.com/sturgate-airfield-atc-egcs
Sumburgh,EGPB,01950 461000,HIAL,HIAL,https://atcadvisor.com/sumburgh-atc-egpb
Sumburgh,EGPB,01950 461008,ATC,ATC,https://atcadvisor.com/sumburgh-atc-egpb
Swansea,EGFH,01792 687042,ATC and Admin,ATC and Admin,https://atcadvisor.com/swansea-atc-egfh
Syerston,EGXY,01400 264520,,,https://atcadvisor.com/syerston-egxy
Tatenhill,EGBM,01283 575283,,,https://atcadvisor.com/tatenhill-atc-egbm
Teesside International,EGNV,01325 332811,,,https://atcadvisor.com/teesside-international-atc-egnv
Teesside International,EGNV,01325 331020,ATC,ATC,https://atcadvisor.com/teesside-international-atc-egnv
Tern Hill,EGOE,01630 647551,Base Ops,Base Ops,https://atcadvisor.com/tern-hill-egoe
Thruxton,EGHO,01264 772352,A/G,A/G,https://atcadvisor.com/thruxton-atc-egho
Thruxton,EGHO,01264 772171,Administration,Administration,https://atcadvisor.com/thruxton-atc-egho
Thurrock Airfield,EGMT,no number,,,https://atcadvisor.com/thurrock-airfield-atc-egmt
Tilstock Airfield,EGCT,no number,,,https://atcadvisor.com/tilstock-airfield-atc-egct
Tiree,EGPU,01879 220456,,,https://atcadvisor.com/tiree-atc-egpu
Topcliffe,EGXZ,01400 264520,,,https://atcadvisor.com/topcliffe-egxz
Tresco Heliport,EGHT,01720 424109,Tresco Heliport,Tresco Heliport,https://atcadvisor.com/tresco-heliport-atc-eght
Truro Aerodrome,EGHY,01872 560488,,,https://atcadvisor.com/truro-aerodrome-atc-eghy
Turweston Aerodrome,EGBT,01280 705400,,,https://atcadvisor.com/turweston-aerodrome-atc-egbt
Unst Airport,EGPW,no number,,,https://atcadvisor.com/unst-airport-atc-egpw
Upavon,EGDJ,01980 618484,Base Ops,Base Ops,https://atcadvisor.com/upavon-egdj
Valley,EGOV,01407 762631,Base Ops,Base Ops,https://atcadvisor.com/valley-egov
Valley,EGOV,01407 762241,,,https://atcadvisor.com/valley-egov
Waddington,EGXW,01522 726221,Base Ops,Base Ops,https://atcadvisor.com/waddington-egxw
Walney,EGNL,01229 474087,ATS/Flight Operations,ATS/Flight Operations,https://atcadvisor.com/walney-atc-egnl
Walney,EGNL,01229 476678,,,https://atcadvisor.com/walney-atc-egnl
Warton,EGNO,01772 633333,Switchboard,Switchboard,https://atcadvisor.com/warton-egno
Warton,EGNO,01772 852374,ATC and PPR for training flights,ATC and PPR for training flights,https://atcadvisor.com/warton-egno
Warton,EGNO,01772 634330,Civil Ops and PPR for visiting aircraft,Civil Ops and PPR for visiting aircraft,https://atcadvisor.com/warton-egno
Warton,EGNO,01772 856060,ATIS,ATIS,https://atcadvisor.com/warton-egno
Wattisham,EGUW,01473 620000,Base Ops,Base Ops,https://atcadvisor.com/wattisham-eguw
Wellesbourne Mountford,EGBW,01789 842007,Administration,Administration,https://atcadvisor.com/wellesbourne-mountford-atc-egbw
Wellesbourne Mountford,EGBW,01789 842000,Tower,Tower,https://atcadvisor.com/wellesbourne-mountford-atc-egbw
Welshpool,EGCW,01938 555560,,,https://atcadvisor.com/welshpool-atc-egcw
West Wales/Aberporth,EGFA,01239 811100,,,https://atcadvisor.com/west-wales-aberporth-atc-egfa
Weston On The Green,EGTG,01869 347200,Base Ops,Base Ops,https://atcadvisor.com/weston-on-the-green-egtg
Weston On The Green,EGTG,01869 343343,,,https://atcadvisor.com/weston-on-the-green-egtg
Westray,EGEW,01856 873535,,,https://atcadvisor.com/westray-atc-egew
Wethersfield Air Base,EGVT,no number,,,https://atcadvisor.com/wethersfield-air-base-atc-egvt
Whalsay Airport,EGEH,Check website,,,https://atcadvisor.com/whalsay-airport-atc-egeh
White Waltham,EGLM,01628 823272,,,https://atcadvisor.com/white-waltham-atc-eglm
Wick,EGPC,01955 602215,Administration,Administration,https://atcadvisor.com/wick-atc-egpc
Wick,EGPC,01955 607583,ATC,ATC,https://atcadvisor.com/wick-atc-egpc
Wick,EGPC,01955 607579,SATCO,SATCO,https://atcadvisor.com/wick-atc-egpc
Wick,EGPC,01955 607596,ATIS,ATIS,https://atcadvisor.com/wick-atc-egpc
Wickenby,EGNW,01673 885000,,,https://atcadvisor.com/wickenby-atc-egnw
Wickenby,EGNW,07377 601802,Aerodrome Mobile,Aerodrome Mobile,https://atcadvisor.com/wickenby-atc-egnw
Wittering,EGXT,01780 417000,Base Ops,Base Ops,https://atcadvisor.com/wittering-egxt
Wolverhampton/Halfpenny Green,EGBO,01384 221350,Airport Office,Airport Office,https://atcadvisor.com/wolverhampton-halfpenny-green-atc-egbo
Wolverhampton/Halfpenny Green,EGBO,01384 221378,ATC,ATC,https://atcadvisor.com/wolverhampton-halfpenny-green-atc-egbo
Woodvale,EGOW,01704 872211,Base Ops,Base Ops,https://atcadvisor.com/woodvale-egow
Woodvale,EGOW,01704 872287,Option 2 for ATC,Option 2 for ATC,https://atcadvisor.com/woodvale-egow
Wycombe Air Park/Booker,EGTB,01494 529261,,,https://atcadvisor.com/wycombe-air-park-booker-atc-egtb
Yeovil/Westland,EGHG,01935 475222,,,https://atcadvisor.com/yeovil-westland-atc-eghg
Yeovilton,EGDY,01935 840565,Base Ops,Base Ops,https://atcadvisor.com/yeovilton-egdy
HMP ALTCOURSE,,0151 522 2000,HMPPS,Switchboard (manual),https://www.gov.uk/guidance/altcourse-prison
HMP ASHFIELD,,0117 303 8000,HMPPS,Switchboard (manual),https://www.gov.uk/guidance/ashfield-prison
HMP ASKHAM GRANGE,,01904 772 000,HMPPS,Switchboard,https://www.gov.uk/guidance/askham-grange-prison
HMP AYLESBURY,,01296 444 000,HMPPS,Switchboard,https://www.gov.uk/guidance/aylesbury-yoi
HMP BEDFORD,,01234 373 000,HMPPS,Switchboard,https://www.gov.uk/guidance/bedford-prison
HMP BELMARSH,,020 8331 4400,HMPPS,Switchboard,https://www.gov.uk/guidance/belmarsh-prison
HMP BERWYN,,01978 523 000,HMPPS,Switchboard,https://www.gov.uk/guidance/berwyn-prison
HMP BIRMINGHAM,,0121 598 8000,HMPPS,Switchboard,https://www.gov.uk/guidance/birmingham-prison
HMP BRINSFORD,,01902 533 450,HMPPS,Switchboard,https://www.gov.uk/guidance/brinsford-prison
HMP BRISTOL,,0117 372 3100,HMPPS,Switchboard,https://www.gov.uk/guidance/bristol-prison
HMP BRIXTON,,020 8588 6000,HMPPS,Switchboard,https://www.gov.uk/guidance/brixton-prison
HMP BRONZEFIELD,,01784 425690,HMPPS,Switchboard (manual),https://www.gov.uk/guidance/bronzefield-prison
HMP BUCKLEY HALL,,01706 514 300,HMPPS,Switchboard,https://www.gov.uk/guidance/buckley-hall-prison
HMP BULLINGDON,,01869 353 100,HMPPS,Switchboard,https://www.gov.uk/guidance/bullingdon-prison
HMP BURE,,01603 326 000,HMPPS,Switchboard,https://www.gov.uk/guidance/bure-prison
HMP CARDIFF,,029 2092 3100,HMPPS,Switchboard,https://www.gov.uk/guidance/cardiff-prison
HMP CHANNINGS WOOD,,01803 814600,HMPPS,Switchboard,https://www.gov.uk/guidance/channings-wood-prison
HMP CHELMSFORD,,01245 552 000,HMPPS,Switchboard,https://www.gov.uk/guidance/chelmsford-prison
HMP COLDINGLEY,,01483 344 300,HMPPS,Switchboard,https://www.gov.uk/guidance/coldingley-prison
HMP DARTMOOR,,no number,,,https://www.gov.uk/guidance/dartmoor-prison
HMP DEERBOLT,,01833 633 200,HMPPS,Switchboard,https://www.gov.uk/guidance/deerbolt-prison
HMP DONCASTER,,01302 760 870,HMPPS,Switchboard (manual),https://www.gov.uk/guidance/doncaster-prison
HMP DOVEGATE,,01283 829400,HMPPS,Switchboard (manual),https://www.gov.uk/guidance/dovegate-prison
HMP DOWNVIEW,,0208 196 6300,HMPPS,Switchboard,https://www.gov.uk/guidance/downview-prison
HMP DRAKE HALL,,01785 774 217,HMPPS,Switchboard,https://www.gov.uk/guidance/drake-hall-prison
HMP DURHAM,,01913 323 400,HMPPS,Switchboard,https://www.gov.uk/guidance/durham-prison
HMP EAST SUTTON PARK,,01622 785 000,HMPPS,Switchboard,https://www.gov.uk/guidance/east-sutton-park-prison
HMP EASTWOOD PARK,,01454 382 100,HMPPS,Switchboard,https://www.gov.uk/guidance/eastwood-park-prison
HMP ELMLEY,,01795 802 000,HMPPS,Switchboard,https://www.gov.uk/guidance/elmley-prison
HMP ERLESTOKE,,01380 814 250,HMPPS,Switchboard,https://www.gov.uk/guidance/erlestoke-prison
HMP EXETER,,01392 415 650,HMPPS,Switchboard,https://www.gov.uk/guidance/exeter-prison
HMP FEATHERSTONE,,01902 703 000,HMPPS,Switchboard,https://www.gov.uk/guidance/featherstone-prison
HMP FELTHAM,,020 8844 5000,HMPPS,Switchboard,https://www.gov.uk/guidance/feltham-yoi
HMP FIVE WELLS,,01933 718888,HMPPS,Switchboard (manual),https://www.gov.uk/guidance/five-wells-prison
HMP FOREST BANK,,0161 925 7000,HMPPS,Switchboard (manual),https://www.gov.uk/guidance/forest-bank-prison
HMP FOSSE WAY,,0116 216 2656,HMPPS,Switchboard (manual),https://www.gov.uk/guidance/fosse-way-prison
HMP FOSTON HALL,,01283 584 300,HMPPS,Switchboard,https://www.gov.uk/guidance/foston-hall-prison
HMP FRANKLAND,,0191 376 5048,HMPPS,Switchboard,https://www.gov.uk/guidance/frankland-prison
HMP FULL SUTTON,,01759 475 100,HMPPS,Switchboard,https://www.gov.uk/guidance/full-sutton-prison
HMP GARTH,,01772 443 300,HMPPS,Switchboard,https://www.gov.uk/guidance/garth-prison
HMP GARTREE,,01858 426 600,HMPPS,Switchboard,https://www.gov.uk/guidance/gartree-prison
HMP GRENDON,,01296 445 000,HMPPS,Switchboard,https://www.gov.uk/guidance/grendon-prison
HMP GUYS MARSH,,01747 856 400,HMPPS,Switchboard,https://www.gov.uk/guidance/guys-marsh-prison
HMP HEWELL,,01527 785 000,HMPPS,Switchboard,https://www.gov.uk/guidance/hewell-prison
HMP HIGH DOWN,,020 7147 6300,HMPPS,Switchboard,https://www.gov.uk/guidance/high-down-prison
HMP HIGHPOINT,,01440 743 100,HMPPS,Switchboard,https://www.gov.uk/guidance/highpoint-prison
HMP HINDLEY,,01942 663 100,HMPPS,Switchboard,https://www.gov.uk/guidance/hindley-prison
HMP HOLME HOUSE,,01642 744 000,HMPPS,Switchboard,https://www.gov.uk/guidance/holme-house-prison
HMP HULL,,01482 282 200,HMPPS,Switchboard,https://www.gov.uk/guidance/hull-prison
HMP HUMBER,,01430 273 000,HMPPS,Switchboard,https://www.gov.uk/guidance/humber-prison
HMP HUNTERCOMBE,,01491 643 100,HMPPS,Switchboard,https://www.gov.uk/guidance/huntercombe-prison
HMP ISIS,,020 3356 4000,HMPPS,Switchboard,https://www.gov.uk/guidance/isis-prison
HMP ISLE OF WIGHT,,01983 634 000,HMPPS,Switchboard,https://www.gov.uk/guidance/isle-of-wight-prison
HMP LANCASTER FARMS,,01524 563 450,HMPPS,Switchboard,https://www.gov.uk/guidance/lancaster-farms-prison
HMP LEEDS,,0113 203 2600,HMPPS,Switchboard,https://www.gov.uk/guidance/leeds-prison
HMP LEICESTER,,01162 283 000,HMPPS,Switchboard,https://www.gov.uk/guidance/leicester-prison
HMP LEWES,,01273 785 100,HMPPS,Switchboard,https://www.gov.uk/guidance/lewes-prison
HMP LINCOLN,,01522 663 000,HMPPS,Switchboard,https://www.gov.uk/guidance/lincoln-prison
HMP LINDHOLME,,01302 524 700,HMPPS,Switchboard,https://www.gov.uk/guidance/lindholme-prison
HMP LITTLEHEY,,01480 335 000,HMPPS,Switchboard,https://www.gov.uk/guidance/littlehey-prison
HMP LIVERPOOL,,0151 530 4000,HMPPS,Switchboard,https://www.gov.uk/guidance/liverpool-prison
HMP LONG LARTIN,,01386 295 100,HMPPS,Switchboard,https://www.gov.uk/guidance/long-lartin-prison
HMP LOW NEWTON,,0300 303 0632,HMPPS,Switchboard,https://www.gov.uk/guidance/low-newton-prison
HMP LOWDHAM GRANGE,,01159 669 200,HMPPS,Switchboard,https://www.gov.uk/guidance/lowdham-grange-prison
HMP MAIDSTONE,,01622 775 300,HMPPS,Switchboard,https://www.gov.uk/guidance/maidstone-prison
HMP MANCHESTER,,0161 817 5600,HMPPS,Switchboard,https://www.gov.uk/guidance/manchester-prison
HMP MOORLAND,,01302 523 000,HMPPS,Switchboard,https://www.gov.uk/guidance/moorland-prison
HMP MORTON HALL,,01522 666 700,HMPPS,Switchboard,https://www.gov.uk/guidance/morton-hall-prison
HMP NEW HALL,,01924 803 000,HMPPS,Switchboard,https://www.gov.uk/guidance/new-hall-prison
HMP NORTHUMBERLAND,,01670 383100,HMPPS,Switchboard (manual),https://www.gov.uk/guidance/northumberland-prison
HMP NORWICH,,01603 708 600,HMPPS,Switchboard,https://www.gov.uk/guidance/norwich-prison
HMP NOTTINGHAM,,0115 872 4000,HMPPS,Switchboard,https://www.gov.uk/guidance/nottingham-prison
HMP OAKWOOD,,01902 799 700,HMPPS,Switchboard (manual),https://www.gov.uk/guidance/oakwood-prison
HMP PARC,,01656 300200,HMPPS,Switchboard (manual),https://www.gov.uk/guidance/parc-prison-and-yoi
HMP PENTONVILLE,,020 7023 7000,HMPPS,Switchboard,https://www.gov.uk/guidance/pentonville-prison
HMP PETERBOROUGH,,01733 217500,HMPPS,Switchboard (manual),https://www.gov.uk/guidance/peterborough-prison
HMP PORTLAND,,01305 715 600,HMPPS,Switchboard,https://www.gov.uk/guidance/portland-prison-and-young-offender-institution
HMP PRESTON,,01772 444 550,HMPPS,Switchboard,https://www.gov.uk/guidance/preston-prison
HMP RANBY,,01777 862 000,HMPPS,Switchboard,https://www.gov.uk/guidance/ranby-prison
HMP RISLEY,,01925 733 000,HMPPS,Switchboard,https://www.gov.uk/guidance/risley-prison
HMP ROCHESTER,,01634 803 100,HMPPS,Switchboard,https://www.gov.uk/guidance/rochester-prison
HMP RYE HILL,,01788 523300,HMPPS,Switchboard (manual),https://www.gov.uk/guidance/rye-hill-prison
HMP SEND,,01483 471 000,HMPPS,Switchboard,https://www.gov.uk/guidance/send-prison
HMP STAFFORD,,01785 773 000,HMPPS,Switchboard,https://www.gov.uk/guidance/stafford-prison
HMP STOCKEN,,01780 795 100,HMPPS,Switchboard,https://www.gov.uk/guidance/stocken-prison
HMP STOKE HEATH,,01630 636 000,HMPPS,Switchboard,https://www.gov.uk/guidance/stoke-heath-prison
HMP STYAL,,01625 553 000,HMPPS,Switchboard,https://www.gov.uk/guidance/styal-prison
HMP SWALESIDE,,01795 804 100,HMPPS,Switchboard,https://www.gov.uk/guidance/swaleside-prison
HMP SWANSEA,,01792 485 300,HMPPS,Switchboard,https://www.gov.uk/guidance/swansea-prison
HMP SWINFEN HALL,,01543 484 000,HMPPS,Switchboard,https://www.gov.uk/guidance/swinfen-hall-prison
HMP THAMESIDE,,020 8317 9777,HMPPS,Switchboard (manual),https://www.gov.uk/guidance/thameside-prison
HMP THE MOUNT,,01442 836 300,HMPPS,Switchboard,https://www.gov.uk/guidance/the-mount-prison
HMP THE VERNE,,01305 825 000,HMPPS,Switchboard,https://www.gov.uk/guidance/the-verne-prison
HMP USK,,01291 671 600,HMPPS,Switchboard,https://www.gov.uk/guidance/usk-prison
HMP WAKEFIELD,,01924 612 000,HMPPS,Switchboard,https://www.gov.uk/guidance/wakefield-prison
HMP WANDSWORTH,,020 8588 4000,HMPPS,Switchboard,https://www.gov.uk/guidance/wandsworth-prison
HMP WARREN HILL,,01394 633 400,HMPPS,Switchboard,https://www.gov.uk/guidance/warren-hill-prison
HMP WAYLAND,,01953 804 100,HMPPS,Switchboard,https://www.gov.uk/guidance/wayland-prison
HMP WEALSTUN,,01937 444 400,HMPPS,Switchboard,https://www.gov.uk/guidance/wealstun-prison
HMP WERRINGTON,,01782 463 300,HMPPS,Switchboard,https://www.gov.uk/guidance/werrington-yoi
HMP WETHERBY,,01937 544 385,HMPPS,Switchboard (manual),https://www.gov.uk/guidance/wetherby-yoi
HMP WHATTON,,01949 803 200,HMPPS,Switchboard,https://www.gov.uk/guidance/whatton-prison
HMP WHITEMOOR,,01354 602 350,HMPPS,Switchboard,https://www.gov.uk/guidance/whitemoor-prison
HMP WINCHESTER,,0333 207 2489,HMPPS,Switchboard,https://www.gov.uk/guidance/winchester-prison
HMP WOODHILL,,01908 722 000,HMPPS,Switchboard,https://www.gov.uk/guidance/woodhill-prison
HMP WORMWOOD SCRUBS,,020 8588 3200,HMPPS,Switchboard,https://www.gov.uk/guidance/wormwood-scrubs-prison
HMP WYMOTT,,01772 442 000,HMPPS,Switchboard,https://www.gov.uk/guidance/wymott-prison
CHETWYND,,01939 250351,HMPPS,Switchboard (manual),
Keevil,,01264 784380 (ATC Switchboard),HMPPS,Switchboard (manual),
