name,phone,page
Altcourse Prison,no number found,https://www.gov.uk/guidance/altcourse-prison
Ashfield Prison,no number found,https://www.gov.uk/guidance/ashfield-prison
Askham Grange Prison and Young Offender Institution,no number found,https://www.gov.uk/guidance/askham-grange-prison
Aylesbury Prison,no number found,https://www.gov.uk/guidance/aylesbury-yoi
Bedford Prison,no number found,https://www.gov.uk/guidance/bedford-prison
Belmarsh Prison,no number found,https://www.gov.uk/guidance/belmarsh-prison
Berwyn Prison,no number found,https://www.gov.uk/guidance/berwyn-prison
Birmingham Prison,no number found,https://www.gov.uk/guidance/birmingham-prison
Brinsford Prison,no number found,https://www.gov.uk/guidance/brinsford-prison
Bristol Prison,no number found,https://www.gov.uk/guidance/bristol-prison
Brixton Prison,no number found,https://www.gov.uk/guidance/brixton-prison
Bronzefield Prison,no number found,https://www.gov.uk/guidance/bronzefield-prison
Buckley Hall Prison,no number found,https://www.gov.uk/guidance/buckley-hall-prison
Bullingdon Prison,no number found,https://www.gov.uk/guidance/bullingdon-prison
Bure Prison,no number found,https://www.gov.uk/guidance/bure-prison
Cardiff Prison,no number found,https://www.gov.uk/guidance/cardiff-prison
Channings Wood Prison,no number found,https://www.gov.uk/guidance/channings-wood-prison
Chelmsford Prison,no number found,https://www.gov.uk/guidance/chelmsford-prison
Coldingley Prison,no number found,https://www.gov.uk/guidance/coldingley-prison
Cookham Wood Prison,no number found,https://www.gov.uk/guidance/cookham-wood-prison
Dartmoor Prison,no number found,https://www.gov.uk/guidance/dartmoor-prison
Deerbolt Prison,no number found,https://www.gov.uk/guidance/deerbolt-prison
Doncaster Prison,no number found,https://www.gov.uk/guidance/doncaster-prison
Dovegate Prison,no number found,https://www.gov.uk/guidance/dovegate-prison
Downview Prison and Young Offender Institution,no number found,https://www.gov.uk/guidance/downview-prison
Drake Hall Prison and Young Offender Institution,no number found,https://www.gov.uk/guidance/drake-hall-prison
Durham Prison,no number found,https://www.gov.uk/guidance/durham-prison
East Sutton Park Prison and Young Offender Institution,no number found,https://www.gov.uk/guidance/east-sutton-park-prison
Eastwood Park Prison and Young Offender Institution,no number found,https://www.gov.uk/guidance/eastwood-park-prison
Elmley Prison,no number found,https://www.gov.uk/guidance/elmley-prison
Erlestoke Prison,no number found,https://www.gov.uk/guidance/erlestoke-prison
Exeter Prison,no number found,https://www.gov.uk/guidance/exeter-prison
Featherstone Prison,no number found,https://www.gov.uk/guidance/featherstone-prison
Feltham Prison and Young Offender Institution,no number found,https://www.gov.uk/guidance/feltham-yoi
Five Wells Prison,no number found,https://www.gov.uk/guidance/five-wells-prison
Ford Prison,no number found,https://www.gov.uk/guidance/ford-prison
Forest Bank Prison,no number found,https://www.gov.uk/guidance/forest-bank-prison
Fosse Way Prison,no number found,https://www.gov.uk/guidance/fosse-way-prison
Foston Hall Prison and Young Offender Institution,no number found,https://www.gov.uk/guidance/foston-hall-prison
Frankland Prison,no number found,https://www.gov.uk/guidance/frankland-prison
Full Sutton Prison,no number found,https://www.gov.uk/guidance/full-sutton-prison
Garth Prison,no number found,https://www.gov.uk/guidance/garth-prison
Gartree Prison,no number found,https://www.gov.uk/guidance/gartree-prison
Grendon Prison,no number found,https://www.gov.uk/guidance/grendon-prison
Guys Marsh Prison,no number found,https://www.gov.uk/guidance/guys-marsh-prison
Hatfield Prison,no number found,https://www.gov.uk/guidance/hatfield-prison
Haverigg Prison,no number found,https://www.gov.uk/guidance/haverigg-prison
Hewell Prison,no number found,https://www.gov.uk/guidance/hewell-prison
High Down Prison,no number found,https://www.gov.uk/guidance/high-down-prison
Highpoint Prison,no number found,https://www.gov.uk/guidance/highpoint-prison
Hindley Prison,no number found,https://www.gov.uk/guidance/hindley-prison
Hollesley Bay Prison,no number found,https://www.gov.uk/guidance/hollesley-bay-prison
Holme House Prison,no number found,https://www.gov.uk/guidance/holme-house-prison
Hull Prison,no number found,https://www.gov.uk/guidance/hull-prison
Humber Prison,no number found,https://www.gov.uk/guidance/humber-prison
Huntercombe Prison,no number found,https://www.gov.uk/guidance/huntercombe-prison
Isis prison,no number found,https://www.gov.uk/guidance/isis-prison
Isle of Wight Prison,no number found,https://www.gov.uk/guidance/isle-of-wight-prison
Kirkham Prison,no number found,https://www.gov.uk/guidance/kirkham-prison
Kirklevington Grange Prison,no number found,https://www.gov.uk/guidance/kirklevington-grange-prison
Lancaster Farms Prison,no number found,https://www.gov.uk/guidance/lancaster-farms-prison
Leeds Prison,no number found,https://www.gov.uk/guidance/leeds-prison
Leicester Prison,no number found,https://www.gov.uk/guidance/leicester-prison
Lewes Prison,no number found,https://www.gov.uk/guidance/lewes-prison
Leyhill Prison,no number found,https://www.gov.uk/guidance/leyhill-prison
Lincoln Prison,no number found,https://www.gov.uk/guidance/lincoln-prison
Lindholme Prison,no number found,https://www.gov.uk/guidance/lindholme-prison
Littlehey Prison,no number found,https://www.gov.uk/guidance/littlehey-prison
Liverpool Prison,no number found,https://www.gov.uk/guidance/liverpool-prison
Long Lartin Prison,no number found,https://www.gov.uk/guidance/long-lartin-prison
Low Newton Prison and Young Offender Institution,no number found,https://www.gov.uk/guidance/low-newton-prison
Lowdham Grange Prison,no number found,https://www.gov.uk/guidance/lowdham-grange-prison
Maidstone Prison,no number found,https://www.gov.uk/guidance/maidstone-prison
Manchester Prison,no number found,https://www.gov.uk/guidance/manchester-prison
Millsike Prison,no number found,https://www.gov.uk/guidance/millsike-prison
Moorland prison,no number found,https://www.gov.uk/guidance/moorland-prison
Morton Hall Prison,no number found,https://www.gov.uk/guidance/morton-hall-prison
New Hall Prison and Young Offender Institution,no number found,https://www.gov.uk/guidance/new-hall-prison
North Sea Camp Prison,no number found,https://www.gov.uk/guidance/north-sea-camp-prison
Northumberland Prison,no number found,https://www.gov.uk/guidance/northumberland-prison
Norwich Prison,no number found,https://www.gov.uk/guidance/norwich-prison
Nottingham Prison,no number found,https://www.gov.uk/guidance/nottingham-prison
Oakwood Prison,no number found,https://www.gov.uk/guidance/oakwood-prison
Onley Prison,no number found,https://www.gov.uk/guidance/onley-prison
Parc Prison and Young Offender Institute,no number found,https://www.gov.uk/guidance/parc-prison-and-yoi
Pentonville Prison,no number found,https://www.gov.uk/guidance/pentonville-prison
Peterborough Prison,no number found,https://www.gov.uk/guidance/peterborough-prison
Portland Prison and Young Offender Institution,no number found,https://www.gov.uk/guidance/portland-prison-and-young-offender-institution
Prescoed Prison,no number found,https://www.gov.uk/guidance/prescoed-prison
Preston Prison,no number found,https://www.gov.uk/guidance/preston-prison
Ranby Prison,no number found,https://www.gov.uk/guidance/ranby-prison
Risley Prison,no number found,https://www.gov.uk/guidance/risley-prison
Rochester Prison,no number found,https://www.gov.uk/guidance/rochester-prison
Rye Hill Prison,no number found,https://www.gov.uk/guidance/rye-hill-prison
Send Prison,no number found,https://www.gov.uk/guidance/send-prison
Spring Hill Prison,no number found,https://www.gov.uk/guidance/spring-hill-prison
Stafford Prison,no number found,https://www.gov.uk/guidance/stafford-prison
Standford Hill Prison,no number found,https://www.gov.uk/guidance/standford-hill-prison
Stocken Prison,no number found,https://www.gov.uk/guidance/stocken-prison
Stoke Heath Prison,no number found,https://www.gov.uk/guidance/stoke-heath-prison
Styal Prison and Young Offender Institution,no number found,https://www.gov.uk/guidance/styal-prison
Sudbury Prison,no number found,https://www.gov.uk/guidance/sudbury-prison
Swaleside Prison,no number found,https://www.gov.uk/guidance/swaleside-prison
Swansea Prison,no number found,https://www.gov.uk/guidance/swansea-prison
Swinfen Hall Prison,no number found,https://www.gov.uk/guidance/swinfen-hall-prison
Thameside Prison,no number found,https://www.gov.uk/guidance/thameside-prison
The Mount Prison,no number found,https://www.gov.uk/guidance/the-mount-prison
The Verne Prison,no number found,https://www.gov.uk/guidance/the-verne-prison
Thorn Cross Prison,no number found,https://www.gov.uk/guidance/thorn-cross-prison
Usk Prison,no number found,https://www.gov.uk/guidance/usk-prison
Wakefield Prison,no number found,https://www.gov.uk/guidance/wakefield-prison
Wandsworth Prison,no number found,https://www.gov.uk/guidance/wandsworth-prison
Warren Hill Prison,no number found,https://www.gov.uk/guidance/warren-hill-prison
Wayland Prison,no number found,https://www.gov.uk/guidance/wayland-prison
Wealstun Prison,no number found,https://www.gov.uk/guidance/wealstun-prison
Werrington Young Offender Institution,no number found,https://www.gov.uk/guidance/werrington-yoi
Wetherby Young Offender Institution,no number found,https://www.gov.uk/guidance/wetherby-yoi
Whatton Prison,no number found,https://www.gov.uk/guidance/whatton-prison
Whitemoor prison,no number found,https://www.gov.uk/guidance/whitemoor-prison
Winchester Prison,no number found,https://www.gov.uk/guidance/winchester-prison
Woodhill Prison,no number found,https://www.gov.uk/guidance/woodhill-prison
Wormwood Scrubs Prison,no number found,https://www.gov.uk/guidance/wormwood-scrubs-prison
Wymott Prison,no number found,https://www.gov.uk/guidance/wymott-prison
